test_BLEU_1,test_BLEU_2,test_BLEU_3,test_BLEU_4,test_METEOR,test_ROUGE_L
0.6683533095132043,0.6328230707596104,0.6027858120627516,0.5790910760753295,0.42174866289492097,0.6567093923344639
