test_BLEU_1,test_BLEU_2,test_BLEU_3,test_BLEU_4,test_METEOR,test_ROUGE_L
0.6991079815055938,0.661454528151882,0.6281730393480995,0.6019313981647154,0.43238938163112495,0.6704331830939987
