test_BLEU_1,test_BLEU_2,test_BLEU_3,test_BLEU_4,test_METEOR,test_ROUGE_L
0.6866712393705985,0.6454304284549205,0.6103163648697387,0.5828135601217002,0.42168163804557207,0.656538633078754
