test_BLEU_1,test_BLEU_2,test_BLEU_3,test_BLEU_4,test_METEOR,test_ROUGE_L
0.7155356448667569,0.6794977302892939,0.6467722485414777,0.6204985092742482,0.44532811103621944,0.6997984919739132
