test_BLEU_1,test_BLEU_2,test_BLEU_3,test_BLEU_4,test_METEOR,test_ROUGE_L
0.6772324926657856,0.6378203382957983,0.6030694731434432,0.5750299618385157,0.4253041350879218,0.6642787485295403
