test_BLEU_1,test_BLEU_2,test_BLEU_3,test_BLEU_4,test_METEOR,test_ROUGE_L
0.7486096071275715,0.7123057368017031,0.6786272011906879,0.6506773533236699,0.4664484359858056,0.729094746039197
