test_BLEU_1,test_BLEU_2,test_BLEU_3,test_BLEU_4,test_METEOR,test_ROUGE_L
0.7005317966323991,0.662266122319662,0.6289257706797012,0.6018322203548885,0.43703401750362464,0.6685528358754084
