test_BLEU_1,test_BLEU_2,test_BLEU_3,test_BLEU_4,test_METEOR,test_ROUGE_L
0.6669596709832806,0.6267948800937401,0.5897655621001436,0.5600628637213129,0.4215432325443692,0.6676033744290369
