test_BLEU_1,test_BLEU_2,test_BLEU_3,test_BLEU_4,test_METEOR,test_ROUGE_L
0.7082464657805364,0.6685771849913392,0.6337227981072959,0.6064849654597683,0.4376200112813209,0.6756976389193055
