test_BLEU_1,test_BLEU_2,test_BLEU_3,test_BLEU_4,test_METEOR,test_ROUGE_L
0.708424808094815,0.6696768381827078,0.6356336812018983,0.608261459255214,0.44189587686932424,0.6722812000316193
